id,rs,mvol,mp,bd,porosity,clay,org,ra,mp_th
WythamCT,0.4,0.23,3598,1.15,0.58,0.51,0.04,0.85,28724
WythamCT,0.55,0.32,528,1.15,0.58,0.51,0.04,1,28724
WythamCT,0.48,0.28,1111,1.15,0.58,0.51,0.04,0.85,28724
WythamCT,0.47,0.28,1232,1.15,0.58,0.51,0.04,0.77,28724
WythamCT,0.6,0.35,288,1.15,0.58,0.51,0.04,0.77,28724
WythamCT,0.48,0.28,1170,1.15,0.58,0.51,0.04,0.66,28724
WythamCT,0.52,0.3,720,1.15,0.58,0.51,0.04,0.6,28724
WythamCT,0.4,0.23,3598,1.15,0.58,0.51,0.04,0.52,28724
WythamCT,0.51,0.3,754,1.15,0.58,0.51,0.04,0.47,28724
WythamCT,0.54,0.31,575,1.15,0.58,0.51,0.04,0.5,28724
WythamCT,0.62,0.36,239,1.15,0.58,0.51,0.04,0.53,28724
WythamCT,0.59,0.34,324,1.15,0.58,0.51,0.04,0.42,28724
WythamCT,0.69,0.4,135,1.15,0.58,0.51,0.04,0.43,28724
WythamCT,0.76,0.44,71,1.15,0.58,0.51,0.04,0.44,28724
WythamCT,0.78,0.45,59,1.15,0.58,0.51,0.04,0.47,28724
WythamCT,0.81,0.47,48,1.15,0.58,0.51,0.04,0.48,28724
WythamCT,0.95,0.55,9,1.15,0.58,0.51,0.04,0.45,28724
WythamCT,0.92,0.53,14,1.15,0.58,0.51,0.04,0.38,28724
WythamCT,0.84,0.49,35,1.15,0.58,0.51,0.04,0.39,28724
WythamCT,0.74,0.43,84,1.15,0.58,0.51,0.04,0.34,28724
WythamCT,0.71,0.41,110,1.15,0.58,0.51,0.04,0.24,28724
WythamCT,0.81,0.47,48,1.15,0.58,0.51,0.04,0.24,28724
WythamCT,0.85,0.49,33,1.15,0.58,0.51,0.04,0.21,28724
WythamCT,0.86,0.5,28,1.15,0.58,0.51,0.04,0.23,28724
WythamCT,0.85,0.49,31,1.15,0.58,0.51,0.04,0.14,28724
WythamCT,0.92,0.53,14,1.15,0.58,0.51,0.04,0.27,28724
WythamCT,0.98,0.57,5,1.15,0.58,0.51,0.04,0.28,28724
WythamCT,0.96,0.55,8,1.15,0.58,0.51,0.04,0.2,28724
WythamCT,0.98,0.57,5,1.15,0.58,0.51,0.04,0.15,28724
WythamAd,0.49,0.29,957,1.15,0.58,0.51,0.04,1,28724
WythamAd,0.4,0.23,4137,1.15,0.58,0.51,0.04,0.89,28724
WythamAd,0.38,0.22,5560,1.15,0.58,0.51,0.04,0.86,28724
WythamAd,0.32,0.18,24681,1.15,0.58,0.51,0.04,0.79,28724
WythamAd,0.58,0.34,364,1.15,0.58,0.51,0.04,0.86,28724
WythamAd,0.4,0.23,3856,1.15,0.58,0.51,0.04,0.69,28724
WythamAd,0.37,0.22,6505,1.15,0.58,0.51,0.04,0.66,28724
WythamAd,0.45,0.26,1807,1.15,0.58,0.51,0.04,0.53,28724
WythamAd,0.35,0.2,10882,1.15,0.58,0.51,0.04,0.49,28724
WythamAd,0.45,0.26,1707,1.15,0.58,0.51,0.04,0.46,28724
WythamAd,0.56,0.33,446,1.15,0.58,0.51,0.04,0.59,28724
WythamAd,0.55,0.32,528,1.15,0.58,0.51,0.04,0.47,28724
WythamAd,0.62,0.36,239,1.15,0.58,0.51,0.04,0.48,28724
WythamAd,0.7,0.41,118,1.15,0.58,0.51,0.04,0.52,28724
WythamAd,0.73,0.42,93,1.15,0.58,0.51,0.04,0.5,28724
WythamAd,0.72,0.42,103,1.15,0.58,0.51,0.04,0.47,28724
WythamAd,0.75,0.44,78,1.15,0.58,0.51,0.04,0.52,28724
WythamAd,0.8,0.47,50,1.15,0.58,0.51,0.04,0.52,28724
WythamAd,0.84,0.49,35,1.15,0.58,0.51,0.04,0.58,28724
WythamAd,0.94,0.55,10,1.15,0.58,0.51,0.04,0.58,28724
WythamAd,0.95,0.55,9,1.15,0.58,0.51,0.04,0.5,28724
WythamAd,0.89,0.52,20,1.15,0.58,0.51,0.04,0.42,28724
WythamAd,0.73,0.43,90,1.15,0.58,0.51,0.04,0.41,28724
WythamAd,0.95,0.55,5,1.15,0.58,0.51,0.04,0.37,28724
WythamAd,0.77,0.44,68,1.15,0.58,0.51,0.04,0.3,28724
WythamAd,0.81,0.47,48,1.15,0.58,0.51,0.04,0.29,28724
WythamAd,0.83,0.48,40,1.15,0.58,0.51,0.04,0.28,28724
WythamAd,0.88,0.51,24,1.15,0.58,0.51,0.04,0.3,28724
WythamAd,0.98,0.57,5,1.15,0.58,0.51,0.04,0.27,28724
WythamAd,0.94,0.55,11,1.15,0.58,0.51,0.04,0.24,28724
WythamAd,0.98,0.57,5,1.15,0.58,0.51,0.04,0.19,28724
WythamAd,0.8,0.46,52,1.15,0.58,0.51,0.04,0.18,28724
WythamAd,0.79,0.46,57,1.15,0.58,0.51,0.04,0.26,28724
WythamAd,0.71,0.41,110,1.15,0.58,0.51,0.04,0.26,28724
WythamRe,0.5,0.29,895,1.15,0.58,0.51,0.04,1,28724
WythamRe,0.31,0.18,27724,1.15,0.58,0.51,0.04,0.8,28724
WythamRe,0.38,0.22,6009,1.15,0.58,0.51,0.04,0.81,28724
WythamRe,0.42,0.24,2945,1.15,0.58,0.51,0.04,0.82,28724
WythamRe,0.52,0.3,720,1.15,0.58,0.51,0.04,0.81,28724
WythamRe,0.4,0.23,4137,1.15,0.58,0.51,0.04,0.64,28724
WythamRe,0.42,0.24,2761,1.15,0.58,0.51,0.04,0.6,28724
WythamRe,0.35,0.2,9938,1.15,0.58,0.51,0.04,0.48,28724
WythamRe,0.47,0.27,1369,1.15,0.58,0.51,0.04,0.48,28724
WythamRe,0.54,0.31,575,1.15,0.58,0.51,0.04,0.56,28724
WythamRe,0.46,0.27,1527,1.15,0.58,0.51,0.04,0.38,28724
WythamRe,0.54,0.31,551,1.15,0.58,0.51,0.04,0.41,28724
WythamRe,0.69,0.4,131,1.15,0.58,0.51,0.04,0.49,28724
WythamRe,0.69,0.4,135,1.15,0.58,0.51,0.04,0.47,28724
WythamRe,0.76,0.44,71,1.15,0.58,0.51,0.04,0.48,28724
WythamRe,0.92,0.53,14,1.15,0.58,0.51,0.04,0.47,28724
WythamRe,0.79,0.46,55,1.15,0.58,0.51,0.04,0.38,28724
WythamRe,0.7,0.41,122,1.15,0.58,0.51,0.04,0.39,28724
WythamRe,0.61,0.36,267,1.15,0.58,0.51,0.04,0.33,28724
WythamRe,0.72,0.42,103,1.15,0.58,0.51,0.04,0.35,28724
WythamRe,0.67,0.39,161,1.15,0.58,0.51,0.04,0.26,28724
WythamRe,0.68,0.4,140,1.15,0.58,0.51,0.04,0.27,28724
WythamRe,0.86,0.5,28,1.15,0.58,0.51,0.04,0.32,28724
WythamRe,0.94,0.55,10,1.15,0.58,0.51,0.04,0.29,28724
WythamRe,0.78,0.45,62,1.15,0.58,0.51,0.04,0.26,28724
WythamRe,0.76,0.44,73,1.15,0.58,0.51,0.04,0.2,28724
WythamRe,0.79,0.46,55,1.15,0.58,0.51,0.04,0.2,28724
WythamRe,0.84,0.49,36,1.15,0.58,0.51,0.04,0.24,28724
WythamRe,0.93,0.54,13,1.15,0.58,0.51,0.04,0.19,28724
WythamRe,0.91,0.53,16,1.15,0.58,0.51,0.04,0.16,28724
WythamRe,0.95,0.55,7,1.15,0.58,0.51,0.04,0.14,28724
WythamRe,0.83,0.48,37,1.15,0.58,0.51,0.04,0.14,28724
WythamRe,0.79,0.46,54,1.15,0.58,0.51,0.04,0.14,28724
GiganteCT,0.33,0.16,12919,1.36,0.49,0.31,0.04,0.51,21524
GiganteCT,0.31,0.15,16088,1.36,0.49,0.31,0.04,0.61,21524
GiganteCT,0.34,0.17,9810,1.36,0.49,0.31,0.04,0.55,21524
GiganteCT,0.37,0.18,7207,1.36,0.49,0.31,0.04,0.55,21524
GiganteCT,0.39,0.19,5633,1.36,0.49,0.31,0.04,0.6,21524
GiganteCT,0.39,0.19,5336,1.36,0.49,0.31,0.04,0.69,21524
GiganteCT,0.41,0.2,4054,1.36,0.49,0.31,0.04,0.69,21524
GiganteCT,0.45,0.22,2641,1.36,0.49,0.31,0.04,0.69,21524
GiganteCT,0.5,0.24,1465,1.36,0.49,0.31,0.04,0.74,21524
GiganteCT,0.43,0.21,3236,1.36,0.49,0.31,0.04,0.79,21524
GiganteCT,0.42,0.2,3818,1.36,0.49,0.31,0.04,0.91,21524
GiganteCT,0.43,0.21,3207,1.36,0.49,0.31,0.04,0.92,21524
GiganteCT,0.44,0.22,2819,1.36,0.49,0.31,0.04,0.96,21524
GiganteCT,0.49,0.24,1617,1.36,0.49,0.31,0.04,0.97,21524
GiganteCT,0.51,0.25,1294,1.36,0.49,0.31,0.04,0.98,21524
GiganteCT,0.54,0.26,1009,1.36,0.49,0.31,0.04,0.96,21524
GiganteCT,0.54,0.26,1011,1.36,0.49,0.31,0.04,0.92,21524
GiganteCT,0.7,0.34,256,1.36,0.49,0.31,0.04,0.93,21524
GiganteCT,0.73,0.35,195,1.36,0.49,0.31,0.04,1,21524
GiganteCT,0.76,0.37,150,1.36,0.49,0.31,0.04,0.89,21524
GiganteCT,0.8,0.39,107,1.36,0.49,0.31,0.04,0.9,21524
GiganteCT,0.83,0.41,81,1.36,0.49,0.31,0.04,0.87,21524
GiganteCT,0.79,0.39,114,1.36,0.49,0.31,0.04,0.84,21524
GiganteCT,0.75,0.37,160,1.36,0.49,0.31,0.04,0.79,21524
GiganteCT,0.82,0.4,90,1.36,0.49,0.31,0.04,0.8,21524
GiganteCT,0.85,0.41,69,1.36,0.49,0.31,0.04,0.81,21524
GiganteCT,0.87,0.42,60,1.36,0.49,0.31,0.04,0.82,21524
GiganteCT,0.88,0.43,51,1.36,0.49,0.31,0.04,0.72,21524
GiganteCT,0.98,0.48,15,1.36,0.49,0.31,0.04,0.61,21524
GiganteAd,0.3,0.15,19174,1.36,0.49,0.31,0.04,0.54,21524
GiganteAd,0.33,0.16,11467,1.36,0.49,0.31,0.04,0.52,21524
GiganteAd,0.37,0.18,6865,1.36,0.49,0.31,0.04,0.46,21524
GiganteAd,0.37,0.18,6846,1.36,0.49,0.31,0.04,0.49,21524
GiganteAd,0.39,0.19,5379,1.36,0.49,0.31,0.04,0.49,21524
GiganteAd,0.42,0.2,3753,1.36,0.49,0.31,0.04,0.44,21524
GiganteAd,0.44,0.21,2894,1.36,0.49,0.31,0.04,0.47,21524
GiganteAd,0.47,0.23,1997,1.36,0.49,0.31,0.04,0.56,21524
GiganteAd,0.45,0.22,2634,1.36,0.49,0.31,0.04,0.62,21524
GiganteAd,0.56,0.27,865,1.36,0.49,0.31,0.04,0.52,21524
GiganteAd,0.39,0.19,5237,1.36,0.49,0.31,0.04,0.8,21524
GiganteAd,0.46,0.23,2188,1.36,0.49,0.31,0.04,0.93,21524
GiganteAd,0.62,0.3,503,1.36,0.49,0.31,0.04,1,21524
GiganteAd,0.6,0.29,585,1.36,0.49,0.31,0.04,0.96,21524
GiganteAd,0.55,0.27,877,1.36,0.49,0.31,0.04,0.86,21524
GiganteAd,0.56,0.27,848,1.36,0.49,0.31,0.04,0.84,21524
GiganteAd,0.59,0.29,651,1.36,0.49,0.31,0.04,0.8,21524
GiganteAd,0.75,0.37,163,1.36,0.49,0.31,0.04,0.88,21524
GiganteAd,0.75,0.36,169,1.36,0.49,0.31,0.04,0.79,21524
GiganteAd,0.8,0.39,113,1.36,0.49,0.31,0.04,0.92,21524
GiganteAd,0.89,0.43,48,1.36,0.49,0.31,0.04,0.87,21524
GiganteAd,0.8,0.39,107,1.36,0.49,0.31,0.04,0.77,21524
GiganteAd,0.85,0.41,71,1.36,0.49,0.31,0.04,0.73,21524
GiganteAd,0.87,0.42,58,1.36,0.49,0.31,0.04,0.75,21524
GiganteAd,0.9,0.44,44,1.36,0.49,0.31,0.04,0.73,21524
GiganteAd,0.88,0.43,55,1.36,0.49,0.31,0.04,0.59,21524
GiganteAd,0.92,0.45,33,1.36,0.49,0.31,0.04,0.59,21524
GiganteAd,0.92,0.45,33,1.36,0.49,0.31,0.04,0.56,21524
GiganteAd,0.94,0.46,26,1.36,0.49,0.31,0.04,0.53,21524
GiganteRe,0.3,0.14,20524,1.36,0.49,0.31,0.04,0.56,21524
GiganteRe,0.32,0.16,14425,1.36,0.49,0.31,0.04,0.54,21524
GiganteRe,0.34,0.17,9819,1.36,0.49,0.31,0.04,0.54,21524
GiganteRe,0.33,0.16,11497,1.36,0.49,0.31,0.04,0.58,21524
GiganteRe,0.39,0.19,5124,1.36,0.49,0.31,0.04,0.6,21524
GiganteRe,0.39,0.19,5111,1.36,0.49,0.31,0.04,0.64,21524
GiganteRe,0.43,0.21,3271,1.36,0.49,0.31,0.04,0.63,21524
GiganteRe,0.46,0.23,2231,1.36,0.49,0.31,0.04,0.79,21524
GiganteRe,0.49,0.24,1635,1.36,0.49,0.31,0.04,0.78,21524
GiganteRe,0.52,0.25,1223,1.36,0.49,0.31,0.04,0.7,21524
GiganteRe,0.54,0.26,1056,1.36,0.49,0.31,0.04,0.77,21524
GiganteRe,0.5,0.24,1569,1.36,0.49,0.31,0.04,0.85,21524
GiganteRe,0.47,0.23,2049,1.36,0.49,0.31,0.04,0.88,21524
GiganteRe,0.53,0.26,1125,1.36,0.49,0.31,0.04,0.9,21524
GiganteRe,0.61,0.3,536,1.36,0.49,0.31,0.04,0.95,21524
GiganteRe,0.75,0.37,158,1.36,0.49,0.31,0.04,1,21524
GiganteRe,0.76,0.37,154,1.36,0.49,0.31,0.04,0.93,21524
GiganteRe,0.66,0.32,347,1.36,0.49,0.31,0.04,0.9,21524
GiganteRe,0.66,0.32,337,1.36,0.49,0.31,0.04,0.87,21524
GiganteRe,0.82,0.4,92,1.36,0.49,0.31,0.04,0.83,21524
GiganteRe,0.87,0.42,60,1.36,0.49,0.31,0.04,0.8,21524
GiganteRe,0.89,0.43,49,1.36,0.49,0.31,0.04,0.8,21524
GiganteRe,0.86,0.42,67,1.36,0.49,0.31,0.04,0.79,21524
GiganteRe,0.79,0.38,122,1.36,0.49,0.31,0.04,0.73,21524
GiganteRe,0.83,0.4,87,1.36,0.49,0.31,0.04,0.73,21524
GiganteRe,0.85,0.41,72,1.36,0.49,0.31,0.04,0.73,21524
GiganteRe,0.9,0.44,42,1.36,0.49,0.31,0.04,0.74,21524
GiganteRe,0.9,0.44,42,1.36,0.49,0.31,0.04,0.68,21524
GiganteRe,0.85,0.41,72,1.36,0.49,0.31,0.04,0.65,21524
GiganteRe,0.92,0.45,36,1.36,0.49,0.31,0.04,0.62,21524
GiganteRe,0.98,0.48,16,1.36,0.49,0.31,0.04,0.55,21524
Cedao,0.2,0.09,2743,1.45,0.45,0.17,0.01,0.04,15800
Cedao,0.2,0.09,2188,1.45,0.45,0.17,0.01,0.11,15800
Cedao,0.21,0.09,1969,1.45,0.45,0.17,0.01,0.06,15800
Cedao,0.22,0.1,1450,1.45,0.45,0.17,0.01,0.16,15800
Cedao,0.24,0.11,972,1.45,0.45,0.17,0.01,0.34,15800
Cedao,0.35,0.16,215,1.45,0.45,0.17,0.01,1,15800
Cedao,0.36,0.17,188,1.45,0.45,0.17,0.01,0.6,15800
Cedao,0.43,0.19,115,1.45,0.45,0.17,0.01,0.49,15800
Cedao,0.44,0.2,108,1.45,0.45,0.17,0.01,0.65,15800
Cedao,0.44,0.2,103,1.45,0.45,0.17,0.01,0.76,15800
Cedo,0.19,0.08,3938,1.45,0.45,0.17,0.01,0.09,15800
Cedo,0.2,0.09,2350,1.45,0.45,0.17,0.01,0.07,15800
Cedo,0.22,0.1,1297,1.45,0.45,0.17,0.01,0.09,15800
Cedo,0.23,0.1,1144,1.45,0.45,0.17,0.01,0.2,15800
Cedo,0.31,0.14,312,1.45,0.45,0.17,0.01,0.67,15800
Cedo,0.36,0.16,199,1.45,0.45,0.17,0.01,0.46,15800
Cedo,0.37,0.17,186,1.45,0.45,0.17,0.01,0.78,15800
Cedo,0.42,0.19,117,1.45,0.45,0.17,0.01,1,15800
Cedo,0.45,0.2,97,1.45,0.45,0.17,0.01,0.94,15800
Cedo,0.46,0.21,92,1.45,0.45,0.17,0.01,0.73,15800
Rain1,0.33,0.14,14819,1.54,0.42,0.09,0.03,0.12,17102
Rain1,0.32,0.14,16102,1.54,0.42,0.09,0.03,0.13,17102
Rain1,0.33,0.14,15201,1.54,0.42,0.09,0.03,0.15,17102
Rain1,0.38,0.16,6922,1.54,0.42,0.09,0.03,0.38,17102
Rain1,0.45,0.19,2866,1.54,0.42,0.09,0.03,0.52,17102
Rain1,0.45,0.19,2817,1.54,0.42,0.09,0.03,0.55,17102
Rain1,0.45,0.19,2811,1.54,0.42,0.09,0.03,0.62,17102
Rain1,0.48,0.2,2231,1.54,0.42,0.09,0.03,0.71,17102
Rain1,0.49,0.2,2073,1.54,0.42,0.09,0.03,0.73,17102
Rain1,0.5,0.21,1825,1.54,0.42,0.09,0.03,0.76,17102
Rain1,0.54,0.23,1269,1.54,0.42,0.09,0.03,0.64,17102
Rain1,0.62,0.26,737,1.54,0.42,0.09,0.03,0.6,17102
Rain1,0.62,0.26,697,1.54,0.42,0.09,0.03,0.68,17102
Rain1,0.68,0.29,477,1.54,0.42,0.09,0.03,1,17102
Rain2,0.36,0.15,8464,1.54,0.42,0.09,0.03,0.61,17102
Rain2,0.41,0.17,4486,1.54,0.42,0.09,0.03,0.62,17102
Rain2,0.46,0.19,2681,1.54,0.42,0.09,0.03,0.55,17102
Rain2,0.43,0.18,3600,1.54,0.42,0.09,0.03,0.85,17102
Rain2,0.49,0.2,2057,1.54,0.42,0.09,0.03,0.51,17102
Rain2,0.49,0.2,2074,1.54,0.42,0.09,0.03,0.62,17102
Rain2,0.5,0.21,1761,1.54,0.42,0.09,0.03,0.63,17102
Rain2,0.5,0.21,1796,1.54,0.42,0.09,0.03,0.91,17102
Rain2,0.61,0.26,758,1.54,0.42,0.09,0.03,0.78,17102
Rain2,0.64,0.27,648,1.54,0.42,0.09,0.03,0.57,17102
Rain2,0.63,0.26,667,1.54,0.42,0.09,0.03,0.54,17102
Rain2,0.69,0.29,463,1.54,0.42,0.09,0.03,1,17102
Rain2,0.74,0.31,326,1.54,0.42,0.09,0.03,0.64,17102
Fog1,0.34,0.14,12266,1.54,0.42,0.09,0.03,0.16,17102
Fog1,0.35,0.15,10546,1.54,0.42,0.09,0.03,0.16,17102
Fog1,0.35,0.15,10262,1.54,0.42,0.09,0.03,0.22,17102
Fog1,0.36,0.15,8691,1.54,0.42,0.09,0.03,0.24,17102
Fog1,0.37,0.16,7423,1.54,0.42,0.09,0.03,0.27,17102
Fog1,0.37,0.16,7248,1.54,0.42,0.09,0.03,0.32,17102
Fog1,0.38,0.16,6257,1.54,0.42,0.09,0.03,0.31,17102
Fog1,0.39,0.16,5765,1.54,0.42,0.09,0.03,0.34,17102
Fog1,0.4,0.17,5025,1.54,0.42,0.09,0.03,0.36,17102
Fog1,0.4,0.17,4940,1.54,0.42,0.09,0.03,0.31,17102
Fog1,0.33,0.14,13948,1.54,0.42,0.09,0.03,0.22,17102
Fog1,0.34,0.14,12854,1.54,0.42,0.09,0.03,0.25,17102
Fog1,0.34,0.14,11557,1.54,0.42,0.09,0.03,0.31,17102
Fog1,0.35,0.15,10702,1.54,0.42,0.09,0.03,0.35,17102
Fog1,0.36,0.15,8853,1.54,0.42,0.09,0.03,0.33,17102
Fog1,0.36,0.15,9043,1.54,0.42,0.09,0.03,0.37,17102
Fog1,0.34,0.14,12436,1.54,0.42,0.09,0.03,0.38,17102
Fog1,0.37,0.16,7368,1.54,0.42,0.09,0.03,0.43,17102
Fog1,0.4,0.17,5404,1.54,0.42,0.09,0.03,0.47,17102
Fog1,0.41,0.17,4559,1.54,0.42,0.09,0.03,0.45,17102
Fog1,0.42,0.17,4239,1.54,0.42,0.09,0.03,0.45,17102
Fog1,0.44,0.19,3161,1.54,0.42,0.09,0.03,0.49,17102
Fog1,0.43,0.18,3667,1.54,0.42,0.09,0.03,0.55,17102
Fog1,0.42,0.18,4137,1.54,0.42,0.09,0.03,0.61,17102
Fog1,0.43,0.18,3596,1.54,0.42,0.09,0.03,0.62,17102
Fog1,0.41,0.17,4779,1.54,0.42,0.09,0.03,0.67,17102
Fog1,0.46,0.19,2557,1.54,0.42,0.09,0.03,0.68,17102
Fog1,0.51,0.21,1748,1.54,0.42,0.09,0.03,0.84,17102
Fog1,0.53,0.22,1468,1.54,0.42,0.09,0.03,0.91,17102
Fog1,0.54,0.23,1311,1.54,0.42,0.09,0.03,0.85,17102
Fog1,0.56,0.24,1103,1.54,0.42,0.09,0.03,0.89,17102
Fog1,0.59,0.25,919,1.54,0.42,0.09,0.03,0.7,17102
Fog1,0.59,0.25,896,1.54,0.42,0.09,0.03,0.78,17102
Fog1,0.6,0.25,825,1.54,0.42,0.09,0.03,0.95,17102
Fog1,0.61,0.26,754,1.54,0.42,0.09,0.03,1,17102
Fog1,0.7,0.29,428,1.54,0.42,0.09,0.03,0.94,17102
Fog2,0.34,0.14,11828,1.54,0.42,0.09,0.03,0.11,17102
Fog2,0.34,0.14,11354,1.54,0.42,0.09,0.03,0.18,17102
Fog2,0.33,0.14,13522,1.54,0.42,0.09,0.03,0.17,17102
Fog2,0.35,0.15,10593,1.54,0.42,0.09,0.03,0.21,17102
Fog2,0.36,0.15,8955,1.54,0.42,0.09,0.03,0.16,17102
Fog2,0.37,0.15,7716,1.54,0.42,0.09,0.03,0.21,17102
Fog2,0.37,0.16,7412,1.54,0.42,0.09,0.03,0.23,17102
Fog2,0.37,0.15,7942,1.54,0.42,0.09,0.03,0.28,17102
Fog2,0.39,0.16,6188,1.54,0.42,0.09,0.03,0.28,17102
Fog2,0.38,0.16,6459,1.54,0.42,0.09,0.03,0.31,17102
Fog2,0.35,0.15,9693,1.54,0.42,0.09,0.03,0.26,17102
Fog2,0.35,0.15,10010,1.54,0.42,0.09,0.03,0.34,17102
Fog2,0.37,0.15,8178,1.54,0.42,0.09,0.03,0.35,17102
Fog2,0.37,0.16,7372,1.54,0.42,0.09,0.03,0.39,17102
Fog2,0.39,0.16,5650,1.54,0.42,0.09,0.03,0.36,17102
Fog2,0.42,0.18,4140,1.54,0.42,0.09,0.03,0.36,17102
Fog2,0.42,0.17,4307,1.54,0.42,0.09,0.03,0.42,17102
Fog2,0.43,0.18,3698,1.54,0.42,0.09,0.03,0.45,17102
Fog2,0.4,0.17,5473,1.54,0.42,0.09,0.03,0.43,17102
Fog2,0.39,0.16,6049,1.54,0.42,0.09,0.03,0.46,17102
Fog2,0.4,0.17,4994,1.54,0.42,0.09,0.03,0.46,17102
Fog2,0.37,0.15,7762,1.54,0.42,0.09,0.03,0.48,17102
Fog2,0.42,0.17,4300,1.54,0.42,0.09,0.03,0.61,17102
Fog2,0.43,0.18,3794,1.54,0.42,0.09,0.03,0.56,17102
Fog2,0.44,0.18,3382,1.54,0.42,0.09,0.03,0.57,17102
Fog2,0.44,0.19,3164,1.54,0.42,0.09,0.03,0.55,17102
Fog2,0.47,0.2,2346,1.54,0.42,0.09,0.03,0.62,17102
Fog2,0.45,0.19,3019,1.54,0.42,0.09,0.03,0.77,17102
Fog2,0.51,0.21,1676,1.54,0.42,0.09,0.03,0.76,17102
Fog2,0.53,0.22,1425,1.54,0.42,0.09,0.03,0.83,17102
Fog2,0.54,0.23,1259,1.54,0.42,0.09,0.03,0.82,17102
Fog2,0.59,0.25,863,1.54,0.42,0.09,0.03,0.64,17102
Fog2,0.57,0.24,997,1.54,0.42,0.09,0.03,0.84,17102
Fog2,0.6,0.25,823,1.54,0.42,0.09,0.03,0.79,17102
Fog2,0.6,0.25,836,1.54,0.42,0.09,0.03,0.87,17102
Fog2,0.62,0.26,723,1.54,0.42,0.09,0.03,0.95,17102
Fog2,0.72,0.3,384,1.54,0.42,0.09,0.03,1,17102
Bare,0.15,0.07,14278,1.41,0.47,0.06,0.01,0.52,17143
Bare,0.15,0.07,14278,1.41,0.47,0.06,0.01,0.56,17883
Bare,0.19,0.09,4917,1.41,0.47,0.06,0.01,0.89,17883
Bare,0.21,0.1,3139,1.41,0.47,0.06,0.01,0.55,17883
Bare,0.24,0.11,2088,1.41,0.47,0.06,0.01,0.76,17883
Bare,0.28,0.13,1015,1.41,0.47,0.06,0.01,0.65,17883
Bare,0.32,0.15,541,1.41,0.47,0.06,0.01,1,17883
Bare,0.36,0.17,306,1.41,0.47,0.06,0.01,0.93,17883
Bare,0.47,0.22,83,1.41,0.47,0.06,0.01,0.85,17883
Bare,0.62,0.29,5,1.41,0.47,0.06,0.01,0.98,17883
ST,0.17,0.08,9027,1.41,0.47,0.07,0.02,0.32,17883
ST,0.15,0.07,14278,1.41,0.47,0.07,0.02,0.65,17883
ST,0.17,0.08,8108,1.41,0.47,0.07,0.02,0.54,17883
ST,0.19,0.09,4917,1.41,0.47,0.07,0.02,0.72,17883
ST,0.21,0.1,3139,1.41,0.47,0.07,0.02,0.9,17883
ST,0.24,0.11,2088,1.41,0.47,0.07,0.02,0.82,17883
ST,0.26,0.12,1436,1.41,0.47,0.07,0.02,0.95,17883
ST,0.3,0.14,734,1.41,0.47,0.07,0.02,1,17883
ST,0.28,0.13,1015,1.41,0.47,0.07,0.02,0.94,17883
ST,0.34,0.16,404,1.41,0.47,0.07,0.02,0.96,17883
RS,0.15,0.07,15175,1.41,0.47,0.08,0.03,0.42,17883
RS,0.17,0.08,8108,1.41,0.47,0.08,0.03,0.56,17883
RS,0.17,0.08,8108,1.41,0.47,0.08,0.03,0.55,17883
RS,0.19,0.09,4917,1.41,0.47,0.08,0.03,0.7,17883
RS,0.24,0.11,2088,1.41,0.47,0.08,0.03,0.84,17883
RS,0.24,0.11,2088,1.41,0.47,0.08,0.03,0.67,17883
RS,0.26,0.12,1436,1.41,0.47,0.08,0.03,0.93,17883
RS,0.3,0.14,734,1.41,0.47,0.08,0.03,0.86,17883
RS,0.32,0.15,541,1.41,0.47,0.08,0.03,0.81,17883
RS,0.34,0.16,404,1.41,0.47,0.08,0.03,1,17883
RS,0.41,0.19,180,1.41,0.47,0.08,0.03,0.8,17883
HC,0.15,0.07,16143,1.41,0.47,0.06,0.01,0.15,17883
HC,0.16,0.08,10659,1.41,0.47,0.06,0.01,0.3,17883
HC,0.17,0.08,8108,1.41,0.47,0.06,0.01,0.49,17883
HC,0.17,0.08,8108,1.41,0.47,0.06,0.01,0.47,17883
HC,0.19,0.09,4917,1.41,0.47,0.06,0.01,0.65,17883
HC,0.21,0.1,3139,1.41,0.47,0.06,0.01,0.59,17883
HC,0.26,0.12,1436,1.41,0.47,0.06,0.01,0.76,17883
HC,0.28,0.13,1015,1.41,0.47,0.06,0.01,0.72,17883
HC,0.3,0.14,734,1.41,0.47,0.06,0.01,1,17883
MC,0.15,0.07,15175,1.41,0.47,0.06,0.01,0.26,17883
MC,0.17,0.08,8108,1.41,0.47,0.06,0.01,0.48,17883
MC,0.19,0.09,4917,1.41,0.47,0.06,0.01,0.64,17883
MC,0.21,0.1,3139,1.41,0.47,0.06,0.01,0.58,17883
MC,0.21,0.1,3139,1.41,0.47,0.06,0.01,0.56,17883
MC,0.24,0.11,2088,1.41,0.47,0.06,0.01,0.78,17883
MC,0.28,0.13,1015,1.41,0.47,0.06,0.01,0.75,17883
MC,0.28,0.13,1015,1.41,0.47,0.06,0.01,0.75,17883
MC,0.3,0.14,734,1.41,0.47,0.06,0.01,0.67,17883
MC,0.34,0.16,404,1.41,0.47,0.06,0.01,1,17883
LC,0.16,0.08,10659,1.41,0.47,0.06,0.01,0.51,17883
LC,0.17,0.08,8108,1.41,0.47,0.06,0.01,0.24,17883
LC,0.19,0.09,4917,1.41,0.47,0.06,0.01,0.57,17883
LC,0.21,0.1,3139,1.41,0.47,0.06,0.01,0.78,17883
LC,0.24,0.11,2088,1.41,0.47,0.06,0.01,0.69,17883
LC,0.28,0.13,1015,1.41,0.47,0.06,0.01,0.77,17883
LC,0.3,0.14,734,1.41,0.47,0.06,0.01,0.93,17883
LC,0.32,0.15,541,1.41,0.47,0.06,0.01,1,17883
LC,0.34,0.16,404,1.41,0.47,0.06,0.01,0.94,17883
LC,0.34,0.16,404,1.41,0.47,0.06,0.01,0.77,17883
LC,0.36,0.17,306,1.41,0.47,0.06,0.01,1,17883
YL,0.17,0.08,9060,1.47,0.45,0.1,0.02,0.03,15800
YL,0.17,0.08,9060,1.47,0.45,0.1,0.02,0.04,15800
YL,0.2,0.09,5433,1.47,0.45,0.1,0.02,0.02,15800
YL,0.22,0.1,4036,1.47,0.45,0.1,0.02,0.12,15800
YL,0.22,0.1,4036,1.47,0.45,0.1,0.02,0.11,15800
YL,0.25,0.11,3079,1.47,0.45,0.1,0.02,0.12,15800
YL,0.25,0.11,3079,1.47,0.45,0.1,0.02,0.4,15800
YL,0.25,0.11,3079,1.47,0.45,0.1,0.02,0.49,15800
YL,0.25,0.11,3079,1.47,0.45,0.1,0.02,0.35,15800
YL,0.25,0.11,3079,1.47,0.45,0.1,0.02,0.54,15800
YL,0.29,0.13,1906,1.47,0.45,0.1,0.02,0.77,15800
YL,0.34,0.15,1253,1.47,0.45,0.1,0.02,0.66,15800
YL,0.38,0.17,860,1.47,0.45,0.1,0.02,1,15800
YL,0.4,0.18,721,1.47,0.45,0.1,0.02,0.7,15800
YL,0.45,0.2,516,1.47,0.45,0.1,0.02,0.9,15800
YL,0.45,0.2,516,1.47,0.45,0.1,0.02,0.53,15800
YL,0.45,0.2,516,1.47,0.45,0.1,0.02,0.45,15800
YL,0.49,0.22,376,1.47,0.45,0.1,0.02,0.49,15800
GE,0.15,0.07,11436,1.47,0.45,0.1,0.02,0.01,15800
GE,0.2,0.09,5433,1.47,0.45,0.1,0.02,0.01,15800
GE,0.2,0.09,5433,1.47,0.45,0.1,0.02,0.01,15800
GE,0.18,0.08,7563,1.47,0.45,0.1,0.02,0.06,15800
GE,0.22,0.1,4036,1.47,0.45,0.1,0.02,0.04,15800
GE,0.25,0.11,3079,1.47,0.45,0.1,0.02,0.07,15800
GE,0.22,0.1,4036,1.47,0.45,0.1,0.02,0.09,15800
GE,0.25,0.11,3079,1.47,0.45,0.1,0.02,0.1,15800
GE,0.2,0.09,5433,1.47,0.45,0.1,0.02,0.15,15800
GE,0.22,0.1,4036,1.47,0.45,0.1,0.02,0.24,15800
GE,0.27,0.12,2401,1.47,0.45,0.1,0.02,0.31,15800
GE,0.31,0.14,1536,1.47,0.45,0.1,0.02,0.27,15800
GE,0.45,0.2,516,1.47,0.45,0.1,0.02,0.92,15800
GE,0.47,0.21,440,1.47,0.45,0.1,0.02,1,15800
GE,0.61,0.27,175,1.47,0.45,0.1,0.02,0.98,15800
GE,0.74,0.33,62,1.47,0.45,0.1,0.02,0.17,15800
GE,0.79,0.35,40,1.47,0.45,0.1,0.02,0.23,15800
GE,0.81,0.36,30,1.47,0.45,0.1,0.02,0.25,15800
RR,0.16,0.07,10986,1.47,0.45,0.1,0.02,0.02,15800
RR,0.16,0.07,10986,1.47,0.45,0.1,0.02,0.02,15800
RR,0.18,0.08,7563,1.47,0.45,0.1,0.02,0.09,15800
RR,0.2,0.09,5433,1.47,0.45,0.1,0.02,0.09,15800
RR,0.22,0.1,4036,1.47,0.45,0.1,0.02,0.1,15800
RR,0.2,0.09,5433,1.47,0.45,0.1,0.02,0.23,15800
RR,0.22,0.1,4036,1.47,0.45,0.1,0.02,0.28,15800
RR,0.22,0.1,4036,1.47,0.45,0.1,0.02,0.31,15800
RR,0.38,0.17,860,1.47,0.45,0.1,0.02,1,15800
RR,0.31,0.14,1536,1.47,0.45,0.1,0.02,0.75,15800
RR,0.34,0.15,1253,1.47,0.45,0.1,0.02,0.89,15800
RR,0.38,0.17,860,1.47,0.45,0.1,0.02,0.89,15800
RR,0.49,0.22,376,1.47,0.45,0.1,0.02,0.75,15800
RR,0.52,0.23,322,1.47,0.45,0.1,0.02,0.76,15800
RR,0.56,0.25,237,1.47,0.45,0.1,0.02,0.46,15800
RR,0.67,0.3,108,1.47,0.45,0.1,0.02,0.47,15800
RR,0.72,0.32,76,1.47,0.45,0.1,0.02,0.62,15800
Range,0.2,0.1,10558,1.41,0.47,0.23,0.01,0.08,15800
Range,0.21,0.1,9012,1.41,0.47,0.23,0.01,0.05,15800
Range,0.21,0.1,9422,1.41,0.47,0.23,0.01,0.09,15800
Range,0.22,0.1,7428,1.41,0.47,0.23,0.01,0.16,15800
Range,0.23,0.11,6568,1.41,0.47,0.23,0.01,0.16,15800
Range,0.2,0.09,11062,1.41,0.47,0.23,0.01,0.19,15800
Range,0.24,0.11,5199,1.41,0.47,0.23,0.01,0.18,15800
Range,0.25,0.12,4652,1.41,0.47,0.23,0.01,0.17,15800
Range,0.25,0.12,4568,1.41,0.47,0.23,0.01,0.14,15800
Range,0.26,0.12,3894,1.41,0.47,0.23,0.01,0.13,15800
Range,0.25,0.12,4652,1.41,0.47,0.23,0.01,0.09,15800
Range,0.25,0.12,4486,1.41,0.47,0.23,0.01,0.07,15800
Range,0.26,0.12,3698,1.41,0.47,0.23,0.01,0.07,15800
Range,0.27,0.13,3514,1.41,0.47,0.23,0.01,0.1,15800
Range,0.28,0.13,2933,1.41,0.47,0.23,0.01,0.07,15800
Range,0.29,0.13,2709,1.41,0.47,0.23,0.01,0.09,15800
Range,0.29,0.14,2431,1.41,0.47,0.23,0.01,0.08,15800
Range,0.3,0.14,2289,1.41,0.47,0.23,0.01,0.08,15800
Range,0.29,0.13,2626,1.41,0.47,0.23,0.01,0.11,15800
Range,0.28,0.13,2933,1.41,0.47,0.23,0.01,0.13,15800
Range,0.27,0.13,3233,1.41,0.47,0.23,0.01,0.13,15800
Range,0.27,0.13,3455,1.41,0.47,0.23,0.01,0.15,15800
Range,0.26,0.12,3762,1.41,0.47,0.23,0.01,0.16,15800
Range,0.26,0.12,3894,1.41,0.47,0.23,0.01,0.18,15800
Range,0.26,0.12,4251,1.41,0.47,0.23,0.01,0.21,15800
Range,0.26,0.12,3962,1.41,0.47,0.23,0.01,0.25,15800
Range,0.24,0.11,5611,1.41,0.47,0.23,0.01,0.31,15800
Range,0.22,0.1,8084,1.41,0.47,0.23,0.01,0.35,15800
Range,0.27,0.13,3287,1.41,0.47,0.23,0.01,0.24,15800
Range,0.28,0.13,3029,1.41,0.47,0.23,0.01,0.24,15800
Range,0.29,0.13,2709,1.41,0.47,0.23,0.01,0.23,15800
Range,0.28,0.13,2933,1.41,0.47,0.23,0.01,0.2,15800
Range,0.27,0.13,3342,1.41,0.47,0.23,0.01,0.19,15800
Range,0.27,0.13,3233,1.41,0.47,0.23,0.01,0.22,15800
Range,0.29,0.13,2667,1.41,0.47,0.23,0.01,0.2,15800
Range,0.29,0.14,2546,1.41,0.47,0.23,0.01,0.18,15800
Range,0.29,0.14,2431,1.41,0.47,0.23,0.01,0.19,15800
Range,0.3,0.14,2221,1.41,0.47,0.23,0.01,0.2,15800
Range,0.3,0.14,2289,1.41,0.47,0.23,0.01,0.16,15800
Range,0.3,0.14,2157,1.41,0.47,0.23,0.01,0.18,15800
Range,0.31,0.14,2005,1.41,0.47,0.23,0.01,0.19,15800
Range,0.31,0.14,2034,1.41,0.47,0.23,0.01,0.16,15800
Range,0.29,0.14,2469,1.41,0.47,0.23,0.01,0.14,15800
Range,0.32,0.15,1789,1.41,0.47,0.23,0.01,0.16,15800
Range,0.31,0.15,1866,1.41,0.47,0.23,0.01,0.18,15800
Range,0.32,0.15,1646,1.41,0.47,0.23,0.01,0.18,15800
Range,0.33,0.15,1558,1.41,0.47,0.23,0.01,0.2,15800
Range,0.33,0.15,1623,1.41,0.47,0.23,0.01,0.12,15800
Range,0.31,0.15,1840,1.41,0.47,0.23,0.01,0.1,15800
Range,0.31,0.15,1920,1.41,0.47,0.23,0.01,0.06,15800
Range,0.33,0.15,1579,1.41,0.47,0.23,0.01,0.07,15800
Range,0.34,0.16,1438,1.41,0.47,0.23,0.01,0.05,15800
Range,0.35,0.16,1261,1.41,0.47,0.23,0.01,0.17,15800
Range,0.36,0.17,1057,1.41,0.47,0.23,0.01,0.07,15800
Range,0.37,0.17,936,1.41,0.47,0.23,0.01,0.14,15800
Range,0.37,0.17,948,1.41,0.47,0.23,0.01,0.19,15800
Range,0.32,0.15,1739,1.41,0.47,0.23,0.01,0.25,15800
Range,0.32,0.15,1814,1.41,0.47,0.23,0.01,0.27,15800
Range,0.32,0.15,1739,1.41,0.47,0.23,0.01,0.26,15800
Range,0.33,0.15,1517,1.41,0.47,0.23,0.01,0.25,15800
Range,0.3,0.14,2221,1.41,0.47,0.23,0.01,0.24,15800
Range,0.3,0.14,2221,1.41,0.47,0.23,0.01,0.26,15800
Range,0.3,0.14,2221,1.41,0.47,0.23,0.01,0.28,15800
Range,0.29,0.13,2709,1.41,0.47,0.23,0.01,0.33,15800
Range,0.26,0.12,3698,1.41,0.47,0.23,0.01,0.31,15800
Range,0.28,0.13,3078,1.41,0.47,0.23,0.01,0.39,15800
Range,0.26,0.12,4103,1.41,0.47,0.23,0.01,0.41,15800
Range,0.3,0.14,2289,1.41,0.47,0.23,0.01,0.36,15800
Range,0.31,0.14,2005,1.41,0.47,0.23,0.01,0.37,15800
Range,0.31,0.14,1976,1.41,0.47,0.23,0.01,0.44,15800
Range,0.29,0.14,2585,1.41,0.47,0.23,0.01,0.45,15800
Range,0.32,0.15,1692,1.41,0.47,0.23,0.01,0.46,15800
Range,0.33,0.15,1558,1.41,0.47,0.23,0.01,0.44,15800
Range,0.33,0.16,1457,1.41,0.47,0.23,0.01,0.34,15800
Range,0.33,0.16,1496,1.41,0.47,0.23,0.01,0.29,15800
Range,0.34,0.16,1419,1.41,0.47,0.23,0.01,0.31,15800
Range,0.35,0.16,1278,1.41,0.47,0.23,0.01,0.29,15800
Range,0.35,0.17,1169,1.41,0.47,0.23,0.01,0.29,15800
Range,0.36,0.17,1098,1.41,0.47,0.23,0.01,0.3,15800
Range,0.36,0.17,1057,1.41,0.47,0.23,0.01,0.33,15800
Range,0.35,0.16,1214,1.41,0.47,0.23,0.01,0.33,15800
Range,0.36,0.17,1139,1.41,0.47,0.23,0.01,0.34,15800
Range,0.35,0.16,1229,1.41,0.47,0.23,0.01,0.36,15800
Range,0.36,0.17,1071,1.41,0.47,0.23,0.01,0.36,15800
Range,0.36,0.17,1032,1.41,0.47,0.23,0.01,0.38,15800
Range,0.37,0.17,971,1.41,0.47,0.23,0.01,0.36,15800
Range,0.37,0.17,1007,1.41,0.47,0.23,0.01,0.35,15800
Range,0.38,0.18,872,1.41,0.47,0.23,0.01,0.33,15800
Range,0.36,0.17,1045,1.41,0.47,0.23,0.01,0.28,15800
Range,0.37,0.17,983,1.41,0.47,0.23,0.01,0.24,15800
Range,0.37,0.18,925,1.41,0.47,0.23,0.01,0.25,15800
Range,0.39,0.18,758,1.41,0.47,0.23,0.01,0.19,15800
Range,0.41,0.19,633,1.41,0.47,0.23,0.01,0.22,15800
Range,0.39,0.18,785,1.41,0.47,0.23,0.01,0.28,15800
Range,0.39,0.18,794,1.41,0.47,0.23,0.01,0.32,15800
Range,0.4,0.19,741,1.41,0.47,0.23,0.01,0.29,15800
Range,0.4,0.19,716,1.41,0.47,0.23,0.01,0.29,15800
Range,0.4,0.19,708,1.41,0.47,0.23,0.01,0.32,15800
Range,0.4,0.19,708,1.41,0.47,0.23,0.01,0.33,15800
Range,0.4,0.19,677,1.41,0.47,0.23,0.01,0.35,15800
Range,0.4,0.19,677,1.41,0.47,0.23,0.01,0.37,15800
Range,0.4,0.19,741,1.41,0.47,0.23,0.01,0.39,15800
Range,0.39,0.18,794,1.41,0.47,0.23,0.01,0.39,15800
Range,0.42,0.2,593,1.41,0.47,0.23,0.01,0.34,15800
Range,0.43,0.2,537,1.41,0.47,0.23,0.01,0.27,15800
Range,0.43,0.2,532,1.41,0.47,0.23,0.01,0.36,15800
Range,0.42,0.2,561,1.41,0.47,0.23,0.01,0.38,15800
Range,0.36,0.17,1125,1.41,0.47,0.23,0.01,0.42,15800
Range,0.35,0.16,1278,1.41,0.47,0.23,0.01,0.42,15800
Range,0.33,0.15,1558,1.41,0.47,0.23,0.01,0.49,15800
Range,0.36,0.17,1057,1.41,0.47,0.23,0.01,0.49,15800
Range,0.38,0.18,903,1.41,0.47,0.23,0.01,0.44,15800
Range,0.37,0.18,925,1.41,0.47,0.23,0.01,0.48,15800
Range,0.4,0.19,716,1.41,0.47,0.23,0.01,0.41,15800
Range,0.4,0.19,733,1.41,0.47,0.23,0.01,0.43,15800
Range,0.4,0.19,724,1.41,0.47,0.23,0.01,0.46,15800
Range,0.4,0.19,733,1.41,0.47,0.23,0.01,0.5,15800
Range,0.4,0.19,741,1.41,0.47,0.23,0.01,0.54,15800
Range,0.39,0.18,776,1.41,0.47,0.23,0.01,0.55,15800
Range,0.38,0.18,851,1.41,0.47,0.23,0.01,0.55,15800
Range,0.38,0.18,882,1.41,0.47,0.23,0.01,0.53,15800
Range,0.37,0.17,948,1.41,0.47,0.23,0.01,0.51,15800
Range,0.38,0.18,851,1.41,0.47,0.23,0.01,0.5,15800
Range,0.34,0.16,1294,1.41,0.47,0.23,0.01,0.55,15800
Range,0.35,0.16,1229,1.41,0.47,0.23,0.01,0.59,15800
Range,0.35,0.16,1199,1.41,0.47,0.23,0.01,0.54,15800
Range,0.37,0.17,983,1.41,0.47,0.23,0.01,0.57,15800
Range,0.37,0.17,959,1.41,0.47,0.23,0.01,0.56,15800
Range,0.36,0.17,1139,1.41,0.47,0.23,0.01,0.69,15800
Range,0.38,0.18,893,1.41,0.47,0.23,0.01,0.68,15800
Range,0.39,0.18,767,1.41,0.47,0.23,0.01,0.7,15800
Range,0.39,0.18,758,1.41,0.47,0.23,0.01,0.68,15800
Range,0.42,0.19,606,1.41,0.47,0.23,0.01,0.55,15800
Range,0.31,0.14,2064,1.41,0.47,0.23,0.01,0.61,15800
Range,0.37,0.18,925,1.41,0.47,0.23,0.01,0.91,15800
Range,0.41,0.19,626,1.41,0.47,0.23,0.01,0.68,15800
Range,0.42,0.19,612,1.41,0.47,0.23,0.01,0.62,15800
Range,0.43,0.2,555,1.41,0.47,0.23,0.01,0.6,15800
Range,0.43,0.2,555,1.41,0.47,0.23,0.01,0.65,15800
Range,0.42,0.2,599,1.41,0.47,0.23,0.01,0.49,15800
Range,0.41,0.19,647,1.41,0.47,0.23,0.01,0.46,15800
Range,0.42,0.19,612,1.41,0.47,0.23,0.01,0.47,15800
Range,0.43,0.2,549,1.41,0.47,0.23,0.01,0.48,15800
Range,0.42,0.2,580,1.41,0.47,0.23,0.01,0.46,15800
Range,0.44,0.2,493,1.41,0.47,0.23,0.01,0.51,15800
Range,0.44,0.21,468,1.41,0.47,0.23,0.01,0.48,15800
Range,0.44,0.21,483,1.41,0.47,0.23,0.01,0.43,15800
Range,0.45,0.21,431,1.41,0.47,0.23,0.01,0.45,15800
Range,0.45,0.21,431,1.41,0.47,0.23,0.01,0.48,15800
Range,0.46,0.22,388,1.41,0.47,0.23,0.01,0.5,15800
Range,0.47,0.22,377,1.41,0.47,0.23,0.01,0.47,15800
Range,0.48,0.22,347,1.41,0.47,0.23,0.01,0.47,15800
Range,0.48,0.23,324,1.41,0.47,0.23,0.01,0.46,15800
Range,0.49,0.23,314,1.41,0.47,0.23,0.01,0.43,15800
Range,0.47,0.22,358,1.41,0.47,0.23,0.01,0.43,15800
Range,0.47,0.22,354,1.41,0.47,0.23,0.01,0.39,15800
Range,0.48,0.22,344,1.41,0.47,0.23,0.01,0.36,15800
Range,0.46,0.21,413,1.41,0.47,0.23,0.01,0.38,15800
Range,0.45,0.21,444,1.41,0.47,0.23,0.01,0.33,15800
Range,0.52,0.24,245,1.41,0.47,0.23,0.01,0.34,15800
Range,0.5,0.24,273,1.41,0.47,0.23,0.01,0.38,15800
Range,0.51,0.24,250,1.41,0.47,0.23,0.01,0.44,15800
Range,0.51,0.24,265,1.41,0.47,0.23,0.01,0.46,15800
Range,0.53,0.25,214,1.41,0.47,0.23,0.01,0.5,15800
Range,0.54,0.25,201,1.41,0.47,0.23,0.01,0.43,15800
Range,0.54,0.25,203,1.41,0.47,0.23,0.01,0.36,15800
Range,0.57,0.27,153,1.41,0.47,0.23,0.01,0.48,15800
Range,0.56,0.26,172,1.41,0.47,0.23,0.01,0.53,15800
Range,0.6,0.28,115,1.41,0.47,0.23,0.01,0.5,15800
Range,0.62,0.29,101,1.41,0.47,0.23,0.01,0.51,15800
Range,0.58,0.27,144,1.41,0.47,0.23,0.01,0.59,15800
Range,0.56,0.26,159,1.41,0.47,0.23,0.01,0.6,15800
Range,0.56,0.26,170,1.41,0.47,0.23,0.01,0.62,15800
Range,0.54,0.25,192,1.41,0.47,0.23,0.01,0.61,15800
Range,0.54,0.25,194,1.41,0.47,0.23,0.01,0.63,15800
Range,0.53,0.25,218,1.41,0.47,0.23,0.01,0.63,15800
Range,0.52,0.25,226,1.41,0.47,0.23,0.01,0.59,15800
Range,0.51,0.24,250,1.41,0.47,0.23,0.01,0.62,15800
Range,0.5,0.23,284,1.41,0.47,0.23,0.01,0.64,15800
Range,0.5,0.23,284,1.41,0.47,0.23,0.01,0.68,15800
Range,0.5,0.23,284,1.41,0.47,0.23,0.01,0.7,15800
Range,0.47,0.22,358,1.41,0.47,0.23,0.01,0.66,15800
Range,0.45,0.21,449,1.41,0.47,0.23,0.01,0.66,15800
Range,0.45,0.21,440,1.41,0.47,0.23,0.01,0.68,15800
Range,0.45,0.21,458,1.41,0.47,0.23,0.01,0.73,15800
Range,0.45,0.21,454,1.41,0.47,0.23,0.01,0.58,15800
Range,0.46,0.22,384,1.41,0.47,0.23,0.01,0.75,15800
Range,0.49,0.23,305,1.41,0.47,0.23,0.01,0.75,15800
Range,0.48,0.23,320,1.41,0.47,0.23,0.01,0.81,15800
Range,0.46,0.21,413,1.41,0.47,0.23,0.01,0.88,15800
Range,0.45,0.21,426,1.41,0.47,0.23,0.01,0.91,15800
Range,0.52,0.24,231,1.41,0.47,0.23,0.01,0.72,15800
Range,0.53,0.25,220,1.41,0.47,0.23,0.01,0.75,15800
Range,0.52,0.24,236,1.41,0.47,0.23,0.01,0.83,15800
Range,0.51,0.24,265,1.41,0.47,0.23,0.01,0.96,15800
Range,0.53,0.25,207,1.41,0.47,0.23,0.01,0.95,15800
Range,0.53,0.25,218,1.41,0.47,0.23,0.01,1,15800
Range,0.58,0.27,140,1.41,0.47,0.23,0.01,0.78,15800
Range,0.57,0.27,150,1.41,0.47,0.23,0.01,0.89,15800
Range,0.59,0.28,125,1.41,0.47,0.23,0.01,0.82,15800
Range,0.62,0.29,98,1.41,0.47,0.23,0.01,0.76,15800
Range,0.61,0.28,111,1.41,0.47,0.23,0.01,0.65,15800
Pineforest,0.41,0.19,5709,1.4,0.47,0.22,0.01,0.74,15800
Pineforest,0.49,0.23,1651,1.4,0.47,0.22,0.01,0.75,15800
Pineforest,0.61,0.29,354,1.4,0.47,0.22,0.01,1,15800
Pineforest,0.62,0.29,336,1.4,0.47,0.22,0.01,0.77,15800
Pineforest,0.65,0.31,252,1.4,0.47,0.22,0.01,0.75,15800
Pineforest,0.77,0.36,79,1.4,0.47,0.22,0.01,0.74,15800
Pineforest,0.79,0.37,62,1.4,0.47,0.22,0.01,0.67,15800
Pineforest,0.81,0.38,52,1.4,0.47,0.22,0.01,0.52,15800
Pineforest,0.85,0.4,32,1.4,0.47,0.22,0.01,0.41,15800
Pineforest,0.89,0.42,18,1.4,0.47,0.22,0.01,0.49,15800
Pineforest,0.4,0.19,6048,1.4,0.47,0.22,0.01,0.53,15800
Pineforest,0.55,0.26,716,1.4,0.47,0.22,0.01,0.62,15800
Pineforest,0.56,0.26,642,1.4,0.47,0.22,0.01,0.73,15800
Pineforest,0.61,0.29,383,1.4,0.47,0.22,0.01,0.85,15800
Pineforest,0.66,0.31,216,1.4,0.47,0.22,0.01,0.78,15800
Pineforest,0.71,0.34,133,1.4,0.47,0.22,0.01,1,15800
Pineforest,0.78,0.37,72,1.4,0.47,0.22,0.01,0.44,15800
Pineforest,0.81,0.38,51,1.4,0.47,0.22,0.01,0.48,15800
Pineforest,0.85,0.4,32,1.4,0.47,0.22,0.01,0.71,15800
Pineforest,0.9,0.42,16,1.4,0.47,0.22,0.01,0.45,15800
Pineforest,0.95,0.45,4,1.4,0.47,0.22,0.01,0.43,15800
droughtCK,0.18,0.08,10941,1.43,0.46,0.24,0.01,0.11,22270
droughtCK,0.21,0.09,7965,1.43,0.46,0.24,0.01,0.1,22270
droughtCK,0.21,0.1,7245,1.43,0.46,0.24,0.01,0.17,22270
droughtCK,0.21,0.09,8037,1.43,0.46,0.24,0.01,0.23,22270
droughtCK,0.23,0.11,5502,1.43,0.46,0.24,0.01,0.22,22270
droughtCK,0.23,0.11,5458,1.43,0.46,0.24,0.01,0.1,22270
droughtCK,0.26,0.12,4245,1.43,0.46,0.24,0.01,0.13,22270
droughtCK,0.24,0.11,5072,1.43,0.46,0.24,0.01,0.31,22270
droughtCK,0.2,0.09,8110,1.43,0.46,0.24,0.01,0.36,22270
droughtCK,0.2,0.09,8135,1.43,0.46,0.24,0.01,0.43,22270
droughtCK,0.17,0.08,12641,1.43,0.46,0.24,0.01,0.5,22270
droughtCK,0.27,0.12,3820,1.43,0.46,0.24,0.01,0.39,22270
droughtCK,0.29,0.14,2829,1.43,0.46,0.24,0.01,0.35,22270
droughtCK,0.28,0.13,3380,1.43,0.46,0.24,0.01,0.28,22270
droughtCK,0.32,0.15,2291,1.43,0.46,0.24,0.01,0.27,22270
droughtCK,0.35,0.16,1770,1.43,0.46,0.24,0.01,0.23,22270
droughtCK,0.3,0.14,2568,1.43,0.46,0.24,0.01,0.55,22270
droughtCK,0.34,0.16,1912,1.43,0.46,0.24,0.01,0.59,22270
droughtCK,0.33,0.15,2028,1.43,0.46,0.24,0.01,0.48,22270
droughtCK,0.33,0.15,2024,1.43,0.46,0.24,0.01,0.42,22270
droughtCK,0.36,0.17,1534,1.43,0.46,0.24,0.01,0.44,22270
droughtCK,0.41,0.19,1088,1.43,0.46,0.24,0.01,0.28,22270
droughtCK,0.39,0.18,1243,1.43,0.46,0.24,0.01,0.19,22270
droughtCK,0.45,0.21,795,1.43,0.46,0.24,0.01,0.23,22270
droughtCK,0.51,0.23,545,1.43,0.46,0.24,0.01,0.43,22270
droughtCK,0.52,0.24,504,1.43,0.46,0.24,0.01,0.16,22270
droughtCK,0.39,0.18,1235,1.43,0.46,0.24,0.01,0.76,22270
droughtCK,0.4,0.19,1111,1.43,0.46,0.24,0.01,0.89,22270
droughtCK,0.46,0.21,771,1.43,0.46,0.24,0.01,0.81,22270
droughtCK,0.45,0.21,807,1.43,0.46,0.24,0.01,0.65,22270
droughtCK,0.48,0.22,635,1.43,0.46,0.24,0.01,0.83,22270
droughtCK,0.54,0.25,447,1.43,0.46,0.24,0.01,0.63,22270
droughtCK,0.57,0.26,376,1.43,0.46,0.24,0.01,0.77,22270
droughtCK,0.56,0.26,403,1.43,0.46,0.24,0.01,0.9,22270
droughtCK,0.62,0.29,272,1.43,0.46,0.24,0.01,0.85,22270
droughtCK,0.62,0.29,274,1.43,0.46,0.24,0.01,1,22270
droughtCK,0.68,0.31,195,1.43,0.46,0.24,0.01,0.48,22270
droughtCK,0.71,0.33,160,1.43,0.46,0.24,0.01,0.54,22270
droughtPE3,0.15,0.07,18836,1.43,0.46,0.24,0.01,0.46,22270
droughtPE3,0.15,0.07,18647,1.43,0.46,0.24,0.01,0.35,22270
droughtPE3,0.15,0.07,18349,1.43,0.46,0.24,0.01,0.18,22270
droughtPE3,0.17,0.08,12890,1.43,0.46,0.24,0.01,0.03,22270
droughtPE3,0.19,0.09,10321,1.43,0.46,0.24,0.01,0.14,22270
droughtPE3,0.21,0.1,7304,1.43,0.46,0.24,0.01,0.18,22270
droughtPE3,0.24,0.11,5381,1.43,0.46,0.24,0.01,0.29,22270
droughtPE3,0.21,0.09,7936,1.43,0.46,0.24,0.01,0.42,22270
droughtPE3,0.26,0.12,4069,1.43,0.46,0.24,0.01,0.36,22270
droughtPE3,0.26,0.12,3888,1.43,0.46,0.24,0.01,0.51,22270
droughtPE3,0.29,0.14,2858,1.43,0.46,0.24,0.01,0.45,22270
droughtPE3,0.29,0.14,2837,1.43,0.46,0.24,0.01,0.3,22270
droughtPE3,0.3,0.14,2621,1.43,0.46,0.24,0.01,0.62,22270
droughtPE3,0.33,0.15,2054,1.43,0.46,0.24,0.01,0.25,22270
droughtPE3,0.35,0.16,1728,1.43,0.46,0.24,0.01,0.19,22270
droughtPE3,0.38,0.18,1309,1.43,0.46,0.24,0.01,0.21,22270
droughtPE3,0.43,0.2,915,1.43,0.46,0.24,0.01,0.41,22270
droughtPE3,0.45,0.21,821,1.43,0.46,0.24,0.01,0.24,22270
droughtPE3,0.39,0.18,1235,1.43,0.46,0.24,0.01,0.67,22270
droughtPE3,0.38,0.17,1395,1.43,0.46,0.24,0.01,0.84,22270
droughtPE3,0.43,0.2,894,1.43,0.46,0.24,0.01,0.74,22270
droughtPE3,0.48,0.22,663,1.43,0.46,0.24,0.01,0.8,22270
droughtPE3,0.51,0.23,549,1.43,0.46,0.24,0.01,0.89,22270
droughtPE3,0.53,0.24,487,1.43,0.46,0.24,0.01,1,22270
droughtPE3,0.55,0.25,430,1.43,0.46,0.24,0.01,0.91,22270
droughtPE3,0.57,0.26,363,1.43,0.46,0.24,0.01,0.35,22270
droughtPE3,0.66,0.3,223,1.43,0.46,0.24,0.01,0.51,22270
droughtPE5,0.15,0.07,19570,1.43,0.46,0.24,0.01,0.07,22270
droughtPE5,0.15,0.07,20396,1.43,0.46,0.24,0.01,0.33,22270
droughtPE5,0.17,0.08,12867,1.43,0.46,0.24,0.01,0.46,22270
droughtPE5,0.15,0.07,18152,1.43,0.46,0.24,0.01,0.14,22270
droughtPE5,0.17,0.08,12867,1.43,0.46,0.24,0.01,0.27,22270
droughtPE5,0.2,0.09,8206,1.43,0.46,0.24,0.01,0.34,22270
droughtPE5,0.19,0.09,10186,1.43,0.46,0.24,0.01,0.53,22270
droughtPE5,0.23,0.11,5556,1.43,0.46,0.24,0.01,0.28,22270
droughtPE5,0.23,0.11,5909,1.43,0.46,0.24,0.01,0.47,22270
droughtPE5,0.25,0.11,4653,1.43,0.46,0.24,0.01,0.7,22270
droughtPE5,0.27,0.13,3537,1.43,0.46,0.24,0.01,0.31,22270
droughtPE5,0.28,0.13,3190,1.43,0.46,0.24,0.01,0.64,22270
droughtPE5,0.3,0.14,2749,1.43,0.46,0.24,0.01,0.54,22270
droughtPE5,0.33,0.15,1992,1.43,0.46,0.24,0.01,0.32,22270
droughtPE5,0.36,0.16,1611,1.43,0.46,0.24,0.01,0.48,22270
droughtPE5,0.33,0.15,2082,1.43,0.46,0.24,0.01,0.68,22270
droughtPE5,0.43,0.2,894,1.43,0.46,0.24,0.01,1,22270
droughtPE5,0.37,0.17,1427,1.43,0.46,0.24,0.01,0.87,22270
droughtPE5,0.43,0.2,943,1.43,0.46,0.24,0.01,0.88,22270
droughtPE5,0.48,0.22,670,1.43,0.46,0.24,0.01,0.95,22270
droughtPE5,0.46,0.21,740,1.43,0.46,0.24,0.01,0.33,22270
droughtPE5,0.58,0.27,358,1.43,0.46,0.24,0.01,0.73,22270
droughtPE7,0.15,0.07,19570,1.43,0.46,0.24,0.01,0.21,22270
droughtPE7,0.15,0.07,20396,1.43,0.46,0.24,0.01,0.21,22270
droughtPE7,0.15,0.07,19570,1.43,0.46,0.24,0.01,0.41,22270
droughtPE7,0.15,0.07,20396,1.43,0.46,0.24,0.01,0.07,22270
droughtPE7,0.15,0.07,21270,1.43,0.46,0.24,0.01,0.31,22270
droughtPE7,0.15,0.07,21185,1.43,0.46,0.24,0.01,0.14,22270
droughtPE7,0.16,0.08,14957,1.43,0.46,0.24,0.01,0.1,22270
droughtPE7,0.19,0.09,10021,1.43,0.46,0.24,0.01,0.48,22270
droughtPE7,0.18,0.08,11266,1.43,0.46,0.24,0.01,0.31,22270
droughtPE7,0.2,0.09,9125,1.43,0.46,0.24,0.01,0.21,22270
droughtPE7,0.23,0.11,5740,1.43,0.46,0.24,0.01,0.41,22270
droughtPE7,0.25,0.11,4713,1.43,0.46,0.24,0.01,0.55,22270
droughtPE7,0.3,0.14,2736,1.43,0.46,0.24,0.01,0.38,22270
droughtPE7,0.31,0.14,2394,1.43,0.46,0.24,0.01,0.48,22270
droughtPE7,0.35,0.16,1739,1.43,0.46,0.24,0.01,0.69,22270
droughtPE7,0.43,0.2,894,1.43,0.46,0.24,0.01,1,22270
droughtPE7,0.34,0.16,1844,1.43,0.46,0.24,0.01,0.83,22270
droughtPE7,0.41,0.19,1101,1.43,0.46,0.24,0.01,0.52,22270
droughtPE7,0.41,0.19,1076,1.43,0.46,0.24,0.01,0.21,22270
droughtPE7,0.41,0.19,1052,1.43,0.46,0.24,0.01,0.62,22270
TibetCK,0.15,0.07,17094,1.39,0.48,0.01,0.02,0.01,22005
TibetCK,0.14,0.07,20132,1.39,0.48,0.01,0.02,0.07,22005
TibetCK,0.13,0.06,21005,1.39,0.48,0.01,0.02,0.09,22005
TibetCK,0.14,0.07,19308,1.39,0.48,0.01,0.02,0.06,22005
TibetCK,0.16,0.07,14110,1.39,0.48,0.01,0.02,0.37,22005
TibetCK,0.23,0.11,4787,1.39,0.48,0.01,0.02,0.18,22005
TibetCK,0.24,0.11,4235,1.39,0.48,0.01,0.02,0.12,22005
TibetCK,0.23,0.11,4614,1.39,0.48,0.01,0.02,0.19,22005
TibetCK,0.28,0.13,2873,1.39,0.48,0.01,0.02,0.12,22005
TibetCK,0.31,0.15,2072,1.39,0.48,0.01,0.02,0.11,22005
TibetCK,0.33,0.16,1766,1.39,0.48,0.01,0.02,0.24,22005
TibetCK,0.32,0.15,1969,1.39,0.48,0.01,0.02,0.37,22005
TibetCK,0.3,0.14,2204,1.39,0.48,0.01,0.02,0.37,22005
TibetCK,0.29,0.14,2440,1.39,0.48,0.01,0.02,0.56,22005
TibetCK,0.33,0.15,1808,1.39,0.48,0.01,0.02,0.75,22005
TibetCK,0.34,0.16,1642,1.39,0.48,0.01,0.02,0.33,22005
TibetCK,0.34,0.16,1580,1.39,0.48,0.01,0.02,0.28,22005
TibetCK,0.37,0.18,1252,1.39,0.48,0.01,0.02,0.48,22005
TibetCK,0.39,0.19,1058,1.39,0.48,0.01,0.02,0.68,22005
TibetCK,0.4,0.19,986,1.39,0.48,0.01,0.02,0.7,22005
TibetCK,0.41,0.2,911,1.39,0.48,0.01,0.02,0.93,22005
TibetCK,0.37,0.17,1293,1.39,0.48,0.01,0.02,0.98,22005
TibetCK,0.37,0.17,1274,1.39,0.48,0.01,0.02,0.25,22005
TibetCK,0.45,0.22,679,1.39,0.48,0.01,0.02,0.27,22005
TibetCK,0.52,0.25,446,1.39,0.48,0.01,0.02,0.52,22005
TibetCK,0.53,0.25,416,1.39,0.48,0.01,0.02,0.19,22005
TibetCK,0.57,0.27,331,1.39,0.48,0.01,0.02,0.9,22005
TibetCK,0.55,0.26,379,1.39,0.48,0.01,0.02,0.93,22005
TibetCK,0.56,0.27,351,1.39,0.48,0.01,0.02,0.93,22005
TibetCK,0.49,0.23,531,1.39,0.48,0.01,0.02,1,22005
TibetW1,0.45,0.22,680,1.39,0.48,0.01,0.02,0.02,22005
TibetW1,0.14,0.07,17792,1.39,0.48,0.01,0.02,0.05,22005
TibetW1,0.15,0.07,16433,1.39,0.48,0.01,0.02,0.04,22005
TibetW1,0.19,0.09,8239,1.39,0.48,0.01,0.02,0.13,22005
TibetW1,0.19,0.09,8239,1.39,0.48,0.01,0.02,0.1,22005
TibetW1,0.23,0.11,4731,1.39,0.48,0.01,0.02,0.21,22005
TibetW1,0.23,0.11,4731,1.39,0.48,0.01,0.02,0.26,22005
TibetW1,0.17,0.08,11392,1.39,0.48,0.01,0.02,0.29,22005
TibetW1,0.19,0.09,8239,1.39,0.48,0.01,0.02,0.4,22005
TibetW1,0.27,0.13,2968,1.39,0.48,0.01,0.02,0.12,22005
TibetW1,0.27,0.13,2968,1.39,0.48,0.01,0.02,0.19,22005
TibetW1,0.32,0.15,1981,1.39,0.48,0.01,0.02,0.17,22005
TibetW1,0.32,0.15,1981,1.39,0.48,0.01,0.02,0.28,22005
TibetW1,0.32,0.15,1981,1.39,0.48,0.01,0.02,0.37,22005
TibetW1,0.34,0.16,1645,1.39,0.48,0.01,0.02,0.31,22005
TibetW1,0.35,0.16,1527,1.39,0.48,0.01,0.02,0.24,22005
TibetW1,0.38,0.18,1132,1.39,0.48,0.01,0.02,0.16,22005
TibetW1,0.35,0.17,1487,1.39,0.48,0.01,0.02,0.26,22005
TibetW1,0.46,0.22,668,1.39,0.48,0.01,0.02,0.22,22005
TibetW1,0.57,0.27,316,1.39,0.48,0.01,0.02,0.35,22005
TibetW1,0.59,0.28,286,1.39,0.48,0.01,0.02,0.45,22005
TibetW1,0.48,0.23,571,1.39,0.48,0.01,0.02,0.49,22005
TibetW1,0.43,0.21,781,1.39,0.48,0.01,0.02,0.78,22005
TibetW1,0.45,0.22,687,1.39,0.48,0.01,0.02,0.81,22005
TibetW1,0.47,0.22,609,1.39,0.48,0.01,0.02,0.87,22005
TibetW1,0.45,0.22,677,1.39,0.48,0.01,0.02,0.88,22005
TibetW1,0.41,0.2,915,1.39,0.48,0.01,0.02,0.74,22005
TibetW1,0.38,0.18,1152,1.39,0.48,0.01,0.02,0.64,22005
TibetW1,0.25,0.12,3681,1.39,0.48,0.01,0.02,0.82,22005
TibetW1,0.26,0.12,3387,1.39,0.48,0.01,0.02,0.81,22005
TibetW1,0.56,0.27,342,1.39,0.48,0.01,0.02,0.78,22005
TibetW1,0.57,0.27,327,1.39,0.48,0.01,0.02,1,22005
TibetW2,0.14,0.07,20132,1.39,0.48,0.01,0.02,0.07,22005
TibetW2,0.14,0.07,17420,1.39,0.48,0.01,0.02,0.04,22005
TibetW2,0.19,0.09,7871,1.39,0.48,0.01,0.02,0.1,22005
TibetW2,0.21,0.1,6599,1.39,0.48,0.01,0.02,0.07,22005
TibetW2,0.22,0.11,5357,1.39,0.48,0.01,0.02,0.15,22005
TibetW2,0.22,0.11,5225,1.39,0.48,0.01,0.02,0.37,22005
TibetW2,0.18,0.08,10164,1.39,0.48,0.01,0.02,0.31,22005
TibetW2,0.19,0.09,8650,1.39,0.48,0.01,0.02,0.17,22005
TibetW2,0.24,0.11,4303,1.39,0.48,0.01,0.02,0.23,22005
TibetW2,0.26,0.12,3379,1.39,0.48,0.01,0.02,0.17,22005
TibetW2,0.29,0.14,2570,1.39,0.48,0.01,0.02,0.2,22005
TibetW2,0.29,0.14,2480,1.39,0.48,0.01,0.02,0.24,22005
TibetW2,0.3,0.14,2199,1.39,0.48,0.01,0.02,0.35,22005
TibetW2,0.29,0.14,2603,1.39,0.48,0.01,0.02,0.4,22005
TibetW2,0.25,0.12,3857,1.39,0.48,0.01,0.02,0.4,22005
TibetW2,0.32,0.15,1891,1.39,0.48,0.01,0.02,0.67,22005
TibetW2,0.32,0.15,1910,1.39,0.48,0.01,0.02,0.88,22005
TibetW2,0.33,0.15,1812,1.39,0.48,0.01,0.02,0.9,22005
TibetW2,0.34,0.16,1625,1.39,0.48,0.01,0.02,0.94,22005
TibetW2,0.35,0.17,1420,1.39,0.48,0.01,0.02,0.18,22005
TibetW2,0.38,0.18,1118,1.39,0.48,0.01,0.02,0.25,22005
TibetW2,0.43,0.21,784,1.39,0.48,0.01,0.02,0.33,22005
TibetW2,0.43,0.2,803,1.39,0.48,0.01,0.02,0.39,22005
TibetW2,0.44,0.21,744,1.39,0.48,0.01,0.02,0.48,22005
TibetW2,0.42,0.2,864,1.39,0.48,0.01,0.02,0.57,22005
TibetW2,0.43,0.2,831,1.39,0.48,0.01,0.02,0.63,22005
TibetW2,0.42,0.2,840,1.39,0.48,0.01,0.02,0.24,22005
TibetW2,0.47,0.22,622,1.39,0.48,0.01,0.02,0.32,22005
TibetW2,0.52,0.25,444,1.39,0.48,0.01,0.02,0.49,22005
TibetW2,0.55,0.26,359,1.39,0.48,0.01,0.02,0.53,22005
TibetW2,0.61,0.29,259,1.39,0.48,0.01,0.02,0.69,22005
TibetW2,0.52,0.25,437,1.39,0.48,0.01,0.02,0.85,22005
TibetW2,0.52,0.25,436,1.39,0.48,0.01,0.02,0.88,22005
TibetW2,0.53,0.25,407,1.39,0.48,0.01,0.02,1,22005
OakOA,0.18,0.07,23088,1.64,0.38,0.1,0.01,0.07,27709
OakOA,0.18,0.07,23088,1.64,0.38,0.1,0.01,0.08,27709
OakOA,0.18,0.07,23088,1.64,0.38,0.1,0.01,0.1,27709
OakOA,0.18,0.07,24409,1.64,0.38,0.1,0.01,0.19,27709
OakOA,0.21,0.08,14252,1.64,0.38,0.1,0.01,0.17,27709
OakOA,0.2,0.08,15761,1.64,0.38,0.1,0.01,0.24,27709
OakOA,0.3,0.11,4512,1.64,0.38,0.1,0.01,0.29,27709
OakOA,0.3,0.11,4441,1.64,0.38,0.1,0.01,0.57,27709
OakOA,0.33,0.13,3007,1.64,0.38,0.1,0.01,0.61,27709
OakOA,0.34,0.13,2964,1.64,0.38,0.1,0.01,0.72,27709
OakOA,0.36,0.14,2439,1.64,0.38,0.1,0.01,0.75,27709
OakOA,0.36,0.14,2406,1.64,0.38,0.1,0.01,0.52,27709
OakOA,0.43,0.17,1265,1.64,0.38,0.1,0.01,0.97,27709
OakOA,0.52,0.2,686,1.64,0.38,0.1,0.01,1,27709
OakOA,0.52,0.2,679,1.64,0.38,0.1,0.01,0.52,27709
OakOA,0.72,0.27,201,1.64,0.38,0.1,0.01,0.49,27709
OakOA,0.72,0.27,203,1.64,0.38,0.1,0.01,0.35,27709
OakOA,0.76,0.29,158,1.64,0.38,0.1,0.01,0.35,27709
OakOA,0.77,0.29,155,1.64,0.38,0.1,0.01,0.44,27709
OakOA,0.86,0.33,88,1.64,0.38,0.1,0.01,0.46,27709
OakOA,0.86,0.33,87,1.64,0.38,0.1,0.01,0.79,27709
OakOA,0.87,0.33,85,1.64,0.38,0.1,0.01,0.56,27709
OakOA,0.95,0.36,50,1.64,0.38,0.1,0.01,0.49,27709
OakOA,0.96,0.37,46,1.64,0.38,0.1,0.01,0.51,27709
OakUT,0.18,0.07,23088,1.64,0.38,0.1,0.01,0.07,27709
OakUT,0.17,0.07,26709,1.64,0.38,0.1,0.01,0.09,27709
OakUT,0.18,0.07,23088,1.64,0.38,0.1,0.01,0.12,27709
OakUT,0.17,0.07,26072,1.64,0.38,0.1,0.01,0.15,27709
OakUT,0.18,0.07,23914,1.64,0.38,0.1,0.01,0.15,27709
OakUT,0.2,0.08,14820,1.64,0.38,0.1,0.01,0.25,27709
OakUT,0.23,0.09,10030,1.64,0.38,0.1,0.01,0.27,27709
OakUT,0.21,0.08,14222,1.64,0.38,0.1,0.01,0.26,27709
OakUT,0.3,0.11,4464,1.64,0.38,0.1,0.01,0.22,27709
OakUT,0.3,0.11,4375,1.64,0.38,0.1,0.01,0.43,27709
OakUT,0.33,0.13,3069,1.64,0.38,0.1,0.01,0.49,27709
OakUT,0.34,0.13,2847,1.64,0.38,0.1,0.01,0.53,27709
OakUT,0.34,0.13,2853,1.64,0.38,0.1,0.01,0.55,27709
OakUT,0.36,0.14,2312,1.64,0.38,0.1,0.01,0.59,27709
OakUT,0.36,0.14,2283,1.64,0.38,0.1,0.01,0.62,27709
OakUT,0.36,0.14,2356,1.64,0.38,0.1,0.01,0.36,27709
OakUT,0.44,0.17,1221,1.64,0.38,0.1,0.01,0.39,27709
OakUT,0.44,0.17,1223,1.64,0.38,0.1,0.01,0.96,27709
OakUT,0.52,0.2,680,1.64,0.38,0.1,0.01,1,27709
OakUT,0.52,0.2,689,1.64,0.38,0.1,0.01,0.4,27709
OakUT,0.71,0.27,209,1.64,0.38,0.1,0.01,0.44,27709
OakUT,0.72,0.27,202,1.64,0.38,0.1,0.01,0.7,27709
OakUT,0.77,0.29,156,1.64,0.38,0.1,0.01,0.76,27709
OakUT,0.76,0.29,159,1.64,0.38,0.1,0.01,0.6,27709
OakUT,0.86,0.33,90,1.64,0.38,0.1,0.01,0.66,27709
OakUT,0.87,0.33,87,1.64,0.38,0.1,0.01,0.71,27709
OakUT,0.87,0.33,82,1.64,0.38,0.1,0.01,0.48,27709
OakUT,0.95,0.36,50,1.64,0.38,0.1,0.01,0.47,27709
OakUT,0.96,0.37,45,1.64,0.38,0.1,0.01,0.45,27709
Teak,0.74,0.35,69,1.4,0.47,0.34,0.02,0.54,15800
Teak,0.31,0.15,1690,1.4,0.47,0.34,0.02,0.6,15800
Teak,0.29,0.13,2107,1.4,0.47,0.34,0.02,0.65,15800
Teak,0.26,0.12,2709,1.4,0.47,0.34,0.02,0.69,15800
Teak,0.28,0.13,2199,1.4,0.47,0.34,0.02,0.68,15800
Teak,0.3,0.14,1739,1.4,0.47,0.34,0.02,0.62,15800
Teak,0.33,0.16,1346,1.4,0.47,0.34,0.02,0.63,15800
Teak,0.34,0.16,1199,1.4,0.47,0.34,0.02,0.66,15800
Teak,0.38,0.18,904,1.4,0.47,0.34,0.02,0.53,15800
Teak,0.34,0.16,1296,1.4,0.47,0.34,0.02,0.55,15800
Teak,0.36,0.17,1083,1.4,0.47,0.34,0.02,0.79,15800
Teak,0.47,0.22,443,1.4,0.47,0.34,0.02,0.85,15800
Teak,0.47,0.22,447,1.4,0.47,0.34,0.02,0.91,15800
Teak,0.48,0.23,413,1.4,0.47,0.34,0.02,0.91,15800
Teak,0.51,0.24,337,1.4,0.47,0.34,0.02,0.96,15800
Teak,0.5,0.24,356,1.4,0.47,0.34,0.02,0.89,15800
Teak,0.54,0.25,275,1.4,0.47,0.34,0.02,1,15800
Teak,0.53,0.25,295,1.4,0.47,0.34,0.02,0.88,15800
Teak,0.56,0.26,242,1.4,0.47,0.34,0.02,0.76,15800
Teak,0.56,0.26,246,1.4,0.47,0.34,0.02,0.89,15800
Teak,0.58,0.27,207,1.4,0.47,0.34,0.02,0.83,15800
Teak,0.63,0.3,152,1.4,0.47,0.34,0.02,0.71,15800
Teak,0.64,0.3,142,1.4,0.47,0.34,0.02,0.75,15800
Teak,0.68,0.32,111,1.4,0.47,0.34,0.02,0.82,15800
Teak,0.67,0.32,114,1.4,0.47,0.34,0.02,0.85,15800
Teak,0.69,0.32,102,1.4,0.47,0.34,0.02,0.92,15800
Teak,0.69,0.33,101,1.4,0.47,0.34,0.02,0.94,15800
Teak,0.71,0.34,86,1.4,0.47,0.34,0.02,0.84,15800
Teak,0.72,0.34,84,1.4,0.47,0.34,0.02,0.77,15800
Teak,0.71,0.34,86,1.4,0.47,0.34,0.02,0.72,15800
Teak,0.7,0.33,91,1.4,0.47,0.34,0.02,0.8,15800
Teak,0.79,0.37,46,1.4,0.47,0.34,0.02,0.67,15800
Teak,0.78,0.37,53,1.4,0.47,0.34,0.02,0.67,15800
Teak,0.79,0.37,48,1.4,0.47,0.34,0.02,0.61,15800
Teak,0.8,0.38,42,1.4,0.47,0.34,0.02,0.71,15800
Teak,0.82,0.39,35,1.4,0.47,0.34,0.02,0.6,15800
Teak,0.85,0.4,25,1.4,0.47,0.34,0.02,0.62,15800
Teak,0.86,0.4,24,1.4,0.47,0.34,0.02,0.66,15800
Teak,0.86,0.41,23,1.4,0.47,0.34,0.02,0.71,15800
Teak,0.88,0.42,17,1.4,0.47,0.34,0.02,0.56,15800
mix,0.81,0.41,17,1.29,0.51,0.36,0.02,0.54,15800
mix,0.27,0.14,1947,1.29,0.51,0.36,0.02,0.64,15800
mix,0.26,0.13,2247,1.29,0.51,0.36,0.02,0.62,15800
mix,0.29,0.15,1516,1.29,0.51,0.36,0.02,0.69,15800
mix,0.3,0.15,1473,1.29,0.51,0.36,0.02,0.72,15800
mix,0.28,0.15,1684,1.29,0.51,0.36,0.02,0.73,15800
mix,0.31,0.16,1293,1.29,0.51,0.36,0.02,0.66,15800
mix,0.32,0.17,1115,1.29,0.51,0.36,0.02,0.73,15800
mix,0.35,0.18,869,1.29,0.51,0.36,0.02,0.66,15800
mix,0.36,0.18,832,1.29,0.51,0.36,0.02,0.67,15800
mix,0.37,0.19,744,1.29,0.51,0.36,0.02,0.83,15800
mix,0.52,0.27,236,1.29,0.51,0.36,0.02,0.83,15800
mix,0.55,0.28,188,1.29,0.51,0.36,0.02,0.91,15800
mix,0.55,0.28,187,1.29,0.51,0.36,0.02,0.75,15800
mix,0.55,0.28,186,1.29,0.51,0.36,0.02,1,15800
mix,0.55,0.28,180,1.29,0.51,0.36,0.02,0.78,15800
mix,0.59,0.3,143,1.29,0.51,0.36,0.02,0.85,15800
mix,0.6,0.31,135,1.29,0.51,0.36,0.02,0.87,15800
mix,0.64,0.33,97,1.29,0.51,0.36,0.02,0.69,15800
mix,0.6,0.31,129,1.29,0.51,0.36,0.02,0.81,15800
mix,0.61,0.31,125,1.29,0.51,0.36,0.02,0.83,15800
mix,0.71,0.37,53,1.29,0.51,0.36,0.02,0.82,15800
mix,0.73,0.37,46,1.29,0.51,0.36,0.02,0.66,15800
mix,0.74,0.38,40,1.29,0.51,0.36,0.02,0.82,15800
mix,0.77,0.4,28,1.29,0.51,0.36,0.02,0.51,15800
open,0.17,0.07,19520,1.56,0.41,0.1,0.01,0.03,20520
open,0.17,0.07,19520,1.56,0.41,0.1,0.01,0.05,20520
open,0.19,0.08,12677,1.56,0.41,0.1,0.01,0.09,20520
open,0.28,0.11,4063,1.56,0.41,0.1,0.01,0.12,20520
open,0.3,0.13,2935,1.56,0.41,0.1,0.01,0.15,20520
open,0.3,0.12,3211,1.56,0.41,0.1,0.01,0.24,20520
open,0.49,0.2,574,1.56,0.41,0.1,0.01,0.41,20520
open,0.6,0.25,286,1.56,0.41,0.1,0.01,0.78,20520
open,0.77,0.32,92,1.56,0.41,0.1,0.01,0.86,20520
open,0.94,0.39,23,1.56,0.41,0.1,0.01,1,20520
open,0.97,0.4,15,1.56,0.41,0.1,0.01,0.62,20520
under,0.16,0.07,19520,1.5,0.43,0.17,0.01,0.08,20520
under,0.16,0.07,19520,1.5,0.43,0.17,0.01,0.1,20520
under,0.16,0.07,19520,1.5,0.43,0.17,0.01,0.11,20520
under,0.18,0.08,12677,1.5,0.43,0.17,0.01,0.18,20520
under,0.18,0.08,12677,1.5,0.43,0.17,0.01,0.29,20520
under,0.24,0.1,5644,1.5,0.43,0.17,0.01,0.45,20520
under,0.33,0.14,1835,1.5,0.43,0.17,0.01,0.58,20520
under,0.44,0.19,702,1.5,0.43,0.17,0.01,0.79,20520
under,0.76,0.33,76,1.5,0.43,0.17,0.01,0.79,20520
under,0.92,0.4,14,1.5,0.43,0.17,0.01,0.79,20520
under,0.95,0.41,9,1.5,0.43,0.17,0.01,0.86,20520
under,0.92,0.4,15,1.5,0.43,0.17,0.01,1,20520